{
  "name": "bmshj2018-hyperprior-mse",
  "description": "Inference (ans)",
  "results": {
    "psnr-rgb": [
      27.577932516733807,
      29.191489775975544,
      30.963751475016277,
      32.82705903053284,
      34.5090282758077,
      36.716423670450844,
      38.54178031285604,
      40.493263721466064
    ],
    "ms-ssim-rgb": [
      0.9172910278042158,
      0.9419843852519989,
      0.9609693884849548,
      0.9747907097140948,
      0.9834790080785751,
      0.9891731391350428,
      0.9927806581060091,
      0.9954114978512129
    ],
    "bpp": [
      0.13130018446180558,
      0.2089029947916667,
      0.31985473632812506,
      0.4783664279513889,
      0.668674045138889,
      0.9388292100694442,
      1.2591925726996527,
      1.6602715386284723
    ],
    "encoding_time": [
      0.03499798973401388,
      0.024802873531977337,
      0.02497225006421407,
      0.026249319314956665,
      0.021564126014709473,
      0.03480412562688192,
      0.04237655798594157,
      0.04256114363670349
    ],
    "decoding_time": [
      0.03144900997479757,
      0.030156264702479046,
      0.030455470085144043,
      0.030972520510355633,
      0.030102769533793133,
      0.045996129512786865,
      0.048090060551961265,
      0.048424720764160156
    ]
  }
}